{
  "files": {
    "sample_sva.sv": {
      "file_path": "sample_sva.sv",
      "module": {
        "name": "apb_protocol_checker",
        "parameters": [
          {
            "name": "ADDR_WIDTH",
            "value": "32"
          },
          {
            "name": "DATA_WIDTH",
            "value": "32"
          }
        ],
        "ports": [
          {
            "direction": "input",
            "name": "pclk"
          },
          {
            "direction": "input",
            "name": "preset_n"
          },
          {
            "direction": "input",
            "name": "psel"
          },
          {
            "direction": "input",
            "name": "penable"
          },
          {
            "direction": "input",
            "name": "pwrite"
          },
          {
            "direction": "input",
            "name": "paddr"
          },
          {
            "direction": "input",
            "name": "pwdata"
          },
          {
            "direction": "input",
            "name": "prdata"
          },
          {
            "direction": "input",
            "name": "pready"
          },
          {
            "direction": "input",
            "name": "pslverr"
          },
          {
            "direction": "output",
            "name": "protocol_state"
          },
          {
            "direction": "output",
            "name": "protocol_violation"
          }
        ],
        "original_code": "module apb_protocol_checker #(\n    parameter ADDR_WIDTH = 32,\n    parameter DATA_WIDTH = 32\n)(\n    input logic pclk,\n    input logic preset_n,\n    \n    // APB Interface Signals\n    input logic psel,\n    input logic penable,\n    input logic pwrite,\n    input logic [ADDR_WIDTH-1:0] paddr,\n    input logic [DATA_WIDTH-1:0] pwdata,\n    input logic [DATA_WIDTH-1:0] prdata,\n    input logic pready,\n    input logic pslverr,\n    \n    // Auxiliary Verification Signals\n    output logic [2:0] protocol_state,\n    output logic protocol_violation\n);\n    // Enumeration for APB Protocol States\n    typedef enum logic [2:0] {\n        IDLE = 3'b000,\n        SETUP = 3'b001,\n        ACCESS = 3'b010,\n        ERROR = 3'b011,\n        WAIT = 3'b100\n    } apb_state_e;\n    \n    // Internal State Tracking\n    apb_state_e current_state, next_state;\n    logic [3:0] access_counter;\n    logic [ADDR_WIDTH-1:0] last_accessed_addr;\n    \n    // State Machine for Protocol Tracking\n    always @(posedge pclk or negedge preset_n) begin\n        if (!preset_n) begin\n            current_state <= IDLE;\n            access_counter <= '0;\n            last_accessed_addr <= '0;\n            protocol_violation <= 1'b0;\n        end else begin\n            current_state <= next_state;\n            \n            // State Transition and Violation Tracking Logic\n            unique case(current_state)\n                IDLE: begin\n                    if (psel && !penable) begin\n                        next_state <= SETUP;\n                        last_accessed_addr <= paddr;\n                    end\n                end\n                \n                SETUP: begin\n                    if (psel && penable) begin\n                        next_state <= ACCESS;\n                        access_counter <= access_counter + 1;\n                    end else if (!psel) begin\n                        next_state <= IDLE;\n                    end\n                end\n                \n                ACCESS: begin\n                    if (pready) begin\n                        // Check for potential protocol violations\n                        if (access_counter > 4'd4) begin\n                            protocol_violation <= 1'b1;\n                            next_state <= ERROR;\n                        end else begin\n                            next_state <= IDLE;\n                        end\n                    end else begin\n                        next_state <= WAIT;\n                    end\n                end\n                \n                WAIT: begin\n                    if (pready) begin\n                        next_state <= IDLE;\n                    end else if (access_counter > 4'd8) begin\n                        protocol_violation <= 1'b1;\n                        next_state <= ERROR;\n                    end\n                end\n                \n                ERROR: begin\n                    // Remain in error state until reset\n                    next_state <= ERROR;\n                end\n            endcase\n        end\n    end\n    \n    // Expose current state for assertion context\n    assign protocol_state = current_state;\n    \n    // Complex Stateful Assertions\n    \n    // Assertion 1: Setup and Access Phase Sequence\n    property setup_access_sequence;\n        @(posedge pclk) disable iff(!preset_n)\n        (current_state == SETUP) |-> ##1 (current_state == ACCESS);\n    endproperty\n    \n    // Assertion 2: Address Stability During Transaction\n    property address_stability;\n        @(posedge pclk) disable iff(!preset_n)\n        (psel && !penable) |=> $stable(paddr);\n    endproperty\n    \n    // Assertion 3: Maximum Transaction Duration\n    property max_transaction_duration;\n        @(posedge pclk) disable iff(!preset_n)\n        (current_state == ACCESS) |-> ##[1:8] pready;\n    endproperty\n    \n    // Assertion 4: Write and Read Consistency\n    property write_read_protocol;\n        @(posedge pclk) disable iff(!preset_n)\n        (psel && penable && pwrite) |-> \n        ((current_state == ACCESS) && (access_counter < 4'd4));\n    endproperty\n    \n// Basic sequence assertion\nsequence simple_seq;\n    a ##1 b ##1 c;\nendsequence\n\nproperty simple_prop;\n    @(posedge clk) simple_seq |-> d;\nendproperty\n\n// Complex nested assertion\nsequence complex_seq;\n    (a ##1 b) or (c ##2 d);\nendsequence\n\n// Basic sequence\nsequence s_basic;\n    a ##1 b ##1 c;\nendsequence\n\n// Sequence with arguments\nsequence bus_proto(logic req, ack, data_valid);\n    req ##1 ack ##1 data_valid;\nendsequence\n\n// Sequence with repetition operators\nsequence s_repeat;\n    (req ##1 ack)[*3];  // Repeat exactly 3 times\nendsequence\n\n// Complex sequence with operators\nsequence s_complex;\n    (a ##1 b) intersect (c ##2 d) or\n    (e ##1 f) throughout (g ##3 h);\nendsequence\n\n// Sequence with local variables\nsequence s_local_var;\n    int count;\n    (valid, count = delay_count) ##[1:count] ready;\nendsequence\n\n// Sequence with nested sub-sequences\nsequence outer_seq;\n    inner_seq1 ##1 inner_seq2 or inner_seq3;\nendsequence\n\n// Labeled sequence\nmy_seq_label: sequence\n    req ##[1:3] gnt ##1 rdy;\nendsequence\n\n// Basic labeled property\np_basic_protocol: property @(posedge clk)\n    req |-> ack;\nendproperty\n\n// Property with arguments\nproperty p_request_grant(logic req, grant);\n    req |-> ##[1:3] grant;\nendproperty\n\n// Property with multiple arguments and local variables\nproperty p_data_valid(int max_delay = 3);\n    int delay;\n    (data_valid, delay = cycles) |-> ##[1:delay] data_ready;\nendproperty\n\n// Multi-line complex property with disable\nmy_prop: property @(posedge clk) \n    disable iff (rst) \n    (state == REQ && valid) |-> \n        ##1 (busy throughout (state == ACK [->1]));\nendproperty\n\n// Property with implication chains\np_protocol_check: property @(posedge clk)\n    disable iff (!rst_n)\n    req |-> ##1 busy |-> ##2 ack |-> ##1 done;\nendproperty\n\n// Property with nested implications\nprop_nested: property @(posedge clk)\n    a |-> (b |-> c);\nendproperty\n\n\n// Basic assertion\na_basic: assert property(p_basic);\n\n// Assertion with error message\na_error_msg: assert property(p_protocol_check)\n    else $error(\"Protocol violation at time %0t\", $time);\n\n// Concurrent assertion without label\nassert property(@(posedge clk) a |-> b);\n\n// Cover statement\nc_protocol: cover property(p_protocol_check);\n\n// Assume statement\nassum_input: assume property(@(posedge clk) \n    !$isunknown(input_sig));\n\n// Multiple assertions with same property\na1_check: assert property(p_check);\na2_check: assert property(p_check) else $error(\"Check failed\");\na3_check: assert property(p_check) else $error(\"Critical check failed\");\n\n// Assertion with property arguments\nassert property(p_request_grant(req1, grant1));\n\n// Assertion in generate block\ngenerate\n    for (genvar i = 0; i < N; i++) begin: gen_assert\n        a_array: assert property(\n            @(posedge clk) data[i] |-> ##2 valid[i]\n        );\n    end\nendgenerate\n\nproperty multi_condition_prop;\n    @(posedge clk) \n    disable iff (reset)\n    (complex_seq and $rose(e)) |-> f;\nendproperty\n\n    // Assertion 3: Maximum Transaction Duration\n    property max_transaction_duration;\n        @(posedge pclk) disable iff(!preset_n)\n        (current_state == ACCESS);\n    endproperty\n\n    // Bind Assertions\n    assert_setup_access: assert property(setup_access_sequence)\n        else $error(\"Invalid Setup to Access Transition\");\n    \n    assert_addr_stable: assert property(address_stability)\n        else $error(\"Address Instability Detected\");\n    \n    assert_trans_duration: assert property(max_transaction_duration)\n        else $error(\"Transaction Exceeded Maximum Duration\");\n    \n    assert_write_read: assert property(write_read_protocol)\n        else $error(\"Write/Read Protocol Violation\");\n\n     C_setup_access: cover property(setup_access_sequence);\n     c_write_read: cover property(write_read_protocol);\n\nendmodule",
        "line_start": 2,
        "line_end": 274
      },
      "always_blocks": [
        {
          "type": "always",
          "sensitivity": "@(posedge pclk or negedge preset_n)",
          "body": "if (!preset_n) begin\n            current_state <= IDLE;\n            access_counter <= '0;\n            last_accessed_addr <= '0;\n            protocol_violation <= 1'b0;",
          "signals": [
            "last_accessed_addr",
            "IDLE",
            "current_state",
            "preset_n",
            "b0",
            "access_counter",
            "protocol_violation"
          ],
          "original_code": "always @(posedge pclk or negedge preset_n) begin\n        if (!preset_n) begin\n            current_state <= IDLE;\n            access_counter <= '0;\n            last_accessed_addr <= '0;\n            protocol_violation <= 1'b0;\n        end",
          "line_start": 38,
          "line_end": 44
        },
        {
          "type": "always_comb",
          "sensitivity": null,
          "body": "addr_conflict_detected = 1'b0;\n        for (int i = 0; i < MAX_OUTSTANDING_TRANS; i++) begin\n            if (active_transactions[i] && \n                (wr_addr == recent_addresses[i] || \n                 rd_addr == recent_addresses[i])) begin\n                addr_conflict_detected = 1'b1;\n                break;",
          "signals": [
            "break",
            "for",
            "b1",
            "wr_addr",
            "b0",
            "i",
            "addr_conflict_detected",
            "MAX_OUTSTANDING_TRANS",
            "recent_addresses",
            "rd_addr",
            "active_transactions"
          ],
          "original_code": "always_comb begin\n        addr_conflict_detected = 1'b0;\n        for (int i = 0; i < MAX_OUTSTANDING_TRANS; i++) begin\n            if (active_transactions[i] && \n                (wr_addr == recent_addresses[i] || \n                 rd_addr == recent_addresses[i])) begin\n                addr_conflict_detected = 1'b1;\n                break;\n            end",
          "line_start": 303,
          "line_end": 311
        },
        {
          "type": "always_ff",
          "sensitivity": "@(posedge clk or negedge reset_n)",
          "body": "if (!reset_n) begin\n            outstanding_trans_count <= '0;\n            active_transactions <= '0;",
          "signals": [
            "reset_n",
            "outstanding_trans_count",
            "active_transactions"
          ],
          "original_code": "always_ff @(posedge clk or negedge reset_n) begin\n        if (!reset_n) begin\n            outstanding_trans_count <= '0;\n            active_transactions <= '0;\n        end",
          "line_start": 315,
          "line_end": 319
        }
      ],
      "generate_blocks": [
        {
          "content": "block\ngenerate\n    for (genvar i = 0; i < N; i++) begin: gen_assert\n        a_array: assert property(\n            @(posedge clk) data[i] |-> ##2 valid[i]\n        );\n    end",
          "assertions": [
            {
              "name": "a_array",
              "type": "assert",
              "property_ref": null,
              "arguments": [],
              "expression": "data[i] |-> ##2 valid[i]",
              "error_message": null,
              "original_code": "a_array: assert property(\n            @(posedge clk) data[i] |-> ##2 valid[i]\n        );",
              "line_start": 2,
              "line_end": 4
            }
          ],
          "original_code": "generate block\ngenerate\n    for (genvar i = 0; i < N; i++) begin: gen_assert\n        a_array: assert property(\n            @(posedge clk) data[i] |-> ##2 valid[i]\n        );\n    end\nendgenerate",
          "line_start": 237,
          "line_end": 244
        }
      ],
      "properties": [
        {
          "name": "setup_access_sequence",
          "label": null,
          "arguments": [],
          "trigger_event": "@(posedge pclk)",
          "disable_condition": "disable iff(!preset_n)",
          "expression": ";\n  \n (current_state == SETUP) |-> ##1 (current_state == ACCESS);",
          "signals": [
            "current_state",
            "SETUP",
            "ACCESS"
          ],
          "original_code": "property setup_access_sequence;\n        @(posedge pclk) disable iff(!preset_n)\n        (current_state == SETUP) |-> ##1 (current_state == ACCESS);\n    endproperty\n    \n    ",
          "line_start": 102,
          "line_end": 107
        },
        {
          "name": "address_stability",
          "label": null,
          "arguments": [],
          "trigger_event": "@(posedge pclk)",
          "disable_condition": "disable iff(!preset_n)",
          "expression": ";\n  \n (psel && !penable) |=> $stable(paddr);",
          "signals": [
            "paddr",
            "penable",
            "stable",
            "psel"
          ],
          "original_code": "property address_stability;\n        @(posedge pclk) disable iff(!preset_n)\n        (psel && !penable) |=> $stable(paddr);\n    endproperty\n    \n    ",
          "line_start": 108,
          "line_end": 113
        },
        {
          "name": "max_transaction_duration",
          "label": null,
          "arguments": [],
          "trigger_event": "@(posedge pclk)",
          "disable_condition": "disable iff(!preset_n)",
          "expression": ";\n  \n (current_state == ACCESS) |-> ##[1:8] pready;",
          "signals": [
            "current_state",
            "pready",
            "ACCESS"
          ],
          "original_code": "property max_transaction_duration;\n        @(posedge pclk) disable iff(!preset_n)\n        (current_state == ACCESS) |-> ##[1:8] pready;\n    endproperty\n    \n    ",
          "line_start": 114,
          "line_end": 119
        },
        {
          "name": "write_read_protocol",
          "label": null,
          "arguments": [],
          "trigger_event": "@(posedge pclk)",
          "disable_condition": "disable iff(!preset_n)",
          "expression": ";\n  \n (psel && penable && pwrite) |-> \n ((current_state == ACCESS) && (access_counter < 4'd4));",
          "signals": [
            "ACCESS",
            "psel",
            "current_state",
            "d4",
            "pwrite",
            "penable",
            "access_counter"
          ],
          "original_code": "property write_read_protocol;\n        @(posedge pclk) disable iff(!preset_n)\n        (psel && penable && pwrite) |-> \n        ((current_state == ACCESS) && (access_counter < 4'd4));\n    endproperty\n    \n",
          "line_start": 120,
          "line_end": 126
        },
        {
          "name": "simple_prop",
          "label": null,
          "arguments": [],
          "trigger_event": "@(posedge clk)",
          "disable_condition": null,
          "expression": ";\n  simple_seq |-> d;",
          "signals": [
            "d",
            "simple_seq"
          ],
          "original_code": "property simple_prop;\n    @(posedge clk) simple_seq |-> d;\nendproperty\n\n",
          "line_start": 131,
          "line_end": 135
        },
        {
          "name": "p_basic_protocol",
          "label": null,
          "arguments": [],
          "trigger_event": "@(posedge clk)",
          "disable_condition": null,
          "expression": ": property \n req |-> ack;",
          "signals": [
            "ack",
            "req"
          ],
          "original_code": "property\np_basic_protocol: property @(posedge clk)\n    req |-> ack;\nendproperty\n\n",
          "line_start": 177,
          "line_end": 182
        },
        {
          "name": "p_request_grant",
          "label": null,
          "arguments": [
            "logic req",
            "grant"
          ],
          "trigger_event": null,
          "disable_condition": null,
          "expression": ";\n req |-> ##[1:3] grant;",
          "signals": [
            "grant",
            "req"
          ],
          "original_code": "property p_request_grant(logic req, grant);\n    req |-> ##[1:3] grant;\nendproperty\n\n",
          "line_start": 183,
          "line_end": 187
        },
        {
          "name": "p_data_valid",
          "label": null,
          "arguments": [
            "int max_delay = 3"
          ],
          "trigger_event": null,
          "disable_condition": null,
          "expression": ";\n int delay;\n (data_valid, delay = cycles) |-> ##[1:delay] data_ready;",
          "signals": [
            "data_ready",
            "cycles",
            "data_valid",
            "delay"
          ],
          "original_code": "property p_data_valid(int max_delay = 3);\n    int delay;\n    (data_valid, delay = cycles) |-> ##[1:delay] data_ready;\nendproperty\n\n",
          "line_start": 188,
          "line_end": 193
        },
        {
          "name": "with",
          "label": null,
          "arguments": [],
          "trigger_event": "@(posedge clk)",
          "disable_condition": "disable iff (rst)",
          "expression": "disable\nmy_prop: property  \n  \n (state == REQ && valid) |-> \n ##1 (busy throughout (state == ACK [->1]));",
          "signals": [
            "state",
            "my_prop",
            "REQ",
            "busy",
            "ACK",
            "valid"
          ],
          "original_code": "property with disable\nmy_prop: property @(posedge clk) \n    disable iff (rst) \n    (state == REQ && valid) |-> \n        ##1 (busy throughout (state == ACK [->1]));\nendproperty\n\n",
          "line_start": 193,
          "line_end": 200
        },
        {
          "name": "a1_check",
          "label": null,
          "arguments": [],
          "trigger_event": "@(posedge clk)",
          "disable_condition": "disable iff (reset)",
          "expression": ": assert property(p_check);\na2_check: assert property(p_check) else $error(\"Check failed\");\na3_check: assert property(p_check) else $error(\"Critical check failed\");\n\n\nassert property(p_request_grant(req1, grant1));\n\n\ngenerate\n for (genvar i = 0; i < N; i++) begin: gen_assert\n a_array: assert property(\n  data[i] |-> ##2 valid[i]\n );\n end\nendgenerate\n\nproperty multi_condition_prop;\n  \n \n (complex_seq and $rose(e)) |-> f;",
          "signals": [
            "e",
            "gen_assert",
            "Critical",
            "p_request_grant",
            "failed",
            "a2_check",
            "rose",
            "req1",
            "f",
            "Check",
            "endgenerate",
            "i",
            "generate",
            "valid",
            "multi_condition_prop",
            "p_check",
            "grant1",
            "N",
            "a3_check",
            "for",
            "data",
            "complex_seq",
            "error",
            "check",
            "genvar",
            "a_array"
          ],
          "original_code": "property\na1_check: assert property(p_check);\na2_check: assert property(p_check) else $error(\"Check failed\");\na3_check: assert property(p_check) else $error(\"Critical check failed\");\n\n// Assertion with property arguments\nassert property(p_request_grant(req1, grant1));\n\n// Assertion in generate block\ngenerate\n    for (genvar i = 0; i < N; i++) begin: gen_assert\n        a_array: assert property(\n            @(posedge clk) data[i] |-> ##2 valid[i]\n        );\n    end\nendgenerate\n\nproperty multi_condition_prop;\n    @(posedge clk) \n    disable iff (reset)\n    (complex_seq and $rose(e)) |-> f;\nendproperty\n\n    ",
          "line_start": 229,
          "line_end": 252
        },
        {
          "name": "max_transaction_duration",
          "label": null,
          "arguments": [],
          "trigger_event": "@(posedge pclk)",
          "disable_condition": "disable iff(!preset_n)",
          "expression": ";\n  \n (current_state == ACCESS);",
          "signals": [
            "current_state",
            "ACCESS"
          ],
          "original_code": "property max_transaction_duration;\n        @(posedge pclk) disable iff(!preset_n)\n        (current_state == ACCESS);\n    endproperty\n\n    ",
          "line_start": 253,
          "line_end": 258
        },
        {
          "name": "max_outstanding_transactions",
          "label": null,
          "arguments": [],
          "trigger_event": "@(posedge clk)",
          "disable_condition": "disable iff(!reset_n)",
          "expression": ";\n  \n outstanding_trans_count <= MAX_OUTSTANDING_TRANS;",
          "signals": [
            "MAX_OUTSTANDING_TRANS",
            "outstanding_trans_count"
          ],
          "original_code": "property max_outstanding_transactions;\n        @(posedge clk) disable iff(!reset_n)\n        outstanding_trans_count <= MAX_OUTSTANDING_TRANS;\n    endproperty\n    ",
          "line_start": 330,
          "line_end": 334
        },
        {
          "name": "no_address_conflicts",
          "label": null,
          "arguments": [],
          "trigger_event": "@(posedge clk)",
          "disable_condition": "disable iff(!reset_n)",
          "expression": ";\n  \n !(wr_req && addr_conflict_detected);",
          "signals": [
            "addr_conflict_detected",
            "wr_req"
          ],
          "original_code": "property no_address_conflicts;\n        @(posedge clk) disable iff(!reset_n)\n        !(wr_req && addr_conflict_detected);\n    endproperty\n    ",
          "line_start": 335,
          "line_end": 339
        },
        {
          "name": "property",
          "label": null,
          "arguments": [],
          "trigger_event": "@(posedge clk)",
          "disable_condition": "disable iff(!reset_n)",
          "expression": "trans_frequency_limit;\n  \n trans_request_sequence |-> ##[1:3] trans_request_sequence;",
          "signals": [
            "trans_request_sequence",
            "trans_frequency_limit"
          ],
          "original_code": "property\n    property trans_frequency_limit;\n        @(posedge clk) disable iff(!reset_n)\n        trans_request_sequence |-> ##[1:3] trans_request_sequence;\n    endproperty\n    ",
          "line_start": 342,
          "line_end": 347
        }
      ],
      "sequences": [
        {
          "name": "assertion",
          "label": null,
          "arguments": [],
          "expression": "sequence simple_seq;\n a ##1 b ##1 c;",
          "signals": [
            "b",
            "c",
            "simple_seq",
            "a"
          ],
          "original_code": "sequence assertion\nsequence simple_seq;\n    a ##1 b ##1 c;\nendsequence\n\n",
          "line_start": 126,
          "line_end": 131
        },
        {
          "name": "complex_seq",
          "label": null,
          "arguments": [],
          "expression": ";\n (a ##1 b) or (c ##2 d);",
          "signals": [
            "d",
            "c",
            "a",
            "b"
          ],
          "original_code": "sequence complex_seq;\n    (a ##1 b) or (c ##2 d);\nendsequence\n\n",
          "line_start": 136,
          "line_end": 140
        },
        {
          "name": "sequence",
          "label": null,
          "arguments": [],
          "expression": "s_basic;\n a ##1 b ##1 c;",
          "signals": [
            "s_basic",
            "c",
            "a",
            "b"
          ],
          "original_code": "sequence\nsequence s_basic;\n    a ##1 b ##1 c;\nendsequence\n\n",
          "line_start": 140,
          "line_end": 145
        },
        {
          "name": "bus_proto",
          "label": null,
          "arguments": [
            "logic req",
            "ack",
            "data_valid"
          ],
          "expression": ";\n req ##1 ack ##1 data_valid;",
          "signals": [
            "ack",
            "data_valid",
            "req"
          ],
          "original_code": "sequence bus_proto(logic req, ack, data_valid);\n    req ##1 ack ##1 data_valid;\nendsequence\n\n",
          "line_start": 146,
          "line_end": 150
        },
        {
          "name": "s_repeat",
          "label": null,
          "arguments": [],
          "expression": ";\n (req ##1 ack)[*3];",
          "signals": [
            "ack",
            "req"
          ],
          "original_code": "sequence s_repeat;\n    (req ##1 ack)[*3];  // Repeat exactly 3 times\nendsequence\n\n",
          "line_start": 151,
          "line_end": 155
        },
        {
          "name": "with",
          "label": null,
          "arguments": [],
          "expression": "operators\nsequence s_complex;\n (a ##1 b) intersect (c ##2 d) or\n (e ##1 f) throughout (g ##3 h);",
          "signals": [
            "g",
            "operators",
            "e",
            "a",
            "b",
            "f",
            "d",
            "s_complex",
            "h",
            "c"
          ],
          "original_code": "sequence with operators\nsequence s_complex;\n    (a ##1 b) intersect (c ##2 d) or\n    (e ##1 f) throughout (g ##3 h);\nendsequence\n\n",
          "line_start": 155,
          "line_end": 161
        },
        {
          "name": "s_local_var",
          "label": null,
          "arguments": [],
          "expression": ";\n int count;\n (valid, count = delay_count) ##[1:count] ready;",
          "signals": [
            "ready",
            "delay_count",
            "count",
            "valid"
          ],
          "original_code": "sequence s_local_var;\n    int count;\n    (valid, count = delay_count) ##[1:count] ready;\nendsequence\n\n",
          "line_start": 162,
          "line_end": 167
        },
        {
          "name": "outer_seq",
          "label": null,
          "arguments": [],
          "expression": ";\n inner_seq1 ##1 inner_seq2 or inner_seq3;",
          "signals": [
            "inner_seq3",
            "inner_seq1",
            "inner_seq2"
          ],
          "original_code": "sequence outer_seq;\n    inner_seq1 ##1 inner_seq2 or inner_seq3;\nendsequence\n\n",
          "line_start": 168,
          "line_end": 172
        },
        {
          "name": "my_seq_label",
          "label": null,
          "arguments": [],
          "expression": ": sequence\n req ##[1:3] gnt ##1 rdy;",
          "signals": [
            "gnt",
            "rdy",
            "req"
          ],
          "original_code": "sequence\nmy_seq_label: sequence\n    req ##[1:3] gnt ##1 rdy;\nendsequence\n\n",
          "line_start": 172,
          "line_end": 177
        }
      ],
      "assertions": [
        {
          "name": "a_basic",
          "type": "assert",
          "property_ref": null,
          "arguments": [],
          "expression": "p_basic",
          "error_message": null,
          "original_code": "a_basic: assert property(p_basic);",
          "line_start": 213,
          "line_end": 213
        },
        {
          "name": "a_error_msg",
          "type": "assert",
          "property_ref": null,
          "arguments": [],
          "expression": "p_protocol_check",
          "error_message": null,
          "original_code": "a_error_msg: assert property(p_protocol_check)\n    else $error(\"Protocol violation at time %0t\", $time);",
          "line_start": 216,
          "line_end": 217
        },
        {
          "name": null,
          "type": "assert",
          "property_ref": null,
          "arguments": [],
          "expression": "a |-> b",
          "error_message": null,
          "original_code": "assert property(@(posedge clk) a |-> b);",
          "line_start": 220,
          "line_end": 220
        },
        {
          "name": "c_protocol",
          "type": "cover",
          "property_ref": null,
          "arguments": [],
          "expression": "p_protocol_check",
          "error_message": null,
          "original_code": "c_protocol: cover property(p_protocol_check);",
          "line_start": 223,
          "line_end": 223
        },
        {
          "name": "assum_input",
          "type": "assume",
          "property_ref": null,
          "arguments": [],
          "expression": "!$isunknown(input_sig)",
          "error_message": null,
          "original_code": "assum_input: assume property(@(posedge clk) \n    !$isunknown(input_sig));",
          "line_start": 226,
          "line_end": 227
        },
        {
          "name": "a1_check",
          "type": "assert",
          "property_ref": null,
          "arguments": [],
          "expression": "p_check",
          "error_message": null,
          "original_code": "a1_check: assert property(p_check);",
          "line_start": 230,
          "line_end": 230
        },
        {
          "name": "a2_check",
          "type": "assert",
          "property_ref": null,
          "arguments": [],
          "expression": "p_check",
          "error_message": "Check failed",
          "original_code": "a2_check: assert property(p_check) else $error(\"Check failed\");",
          "line_start": 231,
          "line_end": 231
        },
        {
          "name": "a3_check",
          "type": "assert",
          "property_ref": null,
          "arguments": [],
          "expression": "p_check",
          "error_message": "Critical check failed",
          "original_code": "a3_check: assert property(p_check) else $error(\"Critical check failed\");",
          "line_start": 232,
          "line_end": 232
        },
        {
          "name": null,
          "type": "assert",
          "property_ref": "p_request_grant",
          "arguments": [
            "req1",
            "grant1"
          ],
          "expression": null,
          "error_message": null,
          "original_code": "assert property(p_request_grant(req1, grant1));",
          "line_start": 235,
          "line_end": 235
        },
        {
          "name": "a_array",
          "type": "assert",
          "property_ref": null,
          "arguments": [],
          "expression": "data[i] |-> ##2 valid[i]",
          "error_message": null,
          "original_code": "a_array: assert property(\n            @(posedge clk) data[i] |-> ##2 valid[i]\n        );",
          "line_start": 240,
          "line_end": 242
        },
        {
          "name": "assert_setup_access",
          "type": "assert",
          "property_ref": null,
          "arguments": [],
          "expression": "setup_access_sequence",
          "error_message": "Invalid Setup to Access Transition",
          "original_code": "assert_setup_access: assert property(setup_access_sequence)\n        else $error(\"Invalid Setup to Access Transition\");",
          "line_start": 259,
          "line_end": 260
        },
        {
          "name": "assert_addr_stable",
          "type": "assert",
          "property_ref": null,
          "arguments": [],
          "expression": "address_stability",
          "error_message": "Address Instability Detected",
          "original_code": "assert_addr_stable: assert property(address_stability)\n        else $error(\"Address Instability Detected\");",
          "line_start": 262,
          "line_end": 263
        },
        {
          "name": "assert_trans_duration",
          "type": "assert",
          "property_ref": null,
          "arguments": [],
          "expression": "max_transaction_duration",
          "error_message": "Transaction Exceeded Maximum Duration",
          "original_code": "assert_trans_duration: assert property(max_transaction_duration)\n        else $error(\"Transaction Exceeded Maximum Duration\");",
          "line_start": 265,
          "line_end": 266
        },
        {
          "name": "assert_write_read",
          "type": "assert",
          "property_ref": null,
          "arguments": [],
          "expression": "write_read_protocol",
          "error_message": "Write/Read Protocol Violation",
          "original_code": "assert_write_read: assert property(write_read_protocol)\n        else $error(\"Write/Read Protocol Violation\");",
          "line_start": 268,
          "line_end": 269
        },
        {
          "name": "C_setup_access",
          "type": "cover",
          "property_ref": null,
          "arguments": [],
          "expression": "setup_access_sequence",
          "error_message": null,
          "original_code": "C_setup_access: cover property(setup_access_sequence);",
          "line_start": 271,
          "line_end": 271
        },
        {
          "name": "c_write_read",
          "type": "cover",
          "property_ref": null,
          "arguments": [],
          "expression": "write_read_protocol",
          "error_message": null,
          "original_code": "c_write_read: cover property(write_read_protocol);",
          "line_start": 272,
          "line_end": 272
        },
        {
          "name": "assert_outstanding_trans",
          "type": "assert",
          "property_ref": null,
          "arguments": [],
          "expression": "max_outstanding_transactions",
          "error_message": "Exceeded maximum outstanding transactions",
          "original_code": "assert_outstanding_trans: \n        assert property(max_outstanding_transactions)\n        else $error(\"Exceeded maximum outstanding transactions\");",
          "line_start": 348,
          "line_end": 350
        },
        {
          "name": "assert_no_conflicts",
          "type": "assert",
          "property_ref": null,
          "arguments": [],
          "expression": "no_address_conflicts",
          "error_message": "Address conflict detected during transaction",
          "original_code": "assert_no_conflicts: \n        assert property(no_address_conflicts)\n        else $error(\"Address conflict detected during transaction\");",
          "line_start": 351,
          "line_end": 353
        },
        {
          "name": "assert_trans_frequency",
          "type": "assert",
          "property_ref": null,
          "arguments": [],
          "expression": "trans_frequency_limit",
          "error_message": "Transaction request frequency violated",
          "original_code": "assert_trans_frequency: \n        assert property(trans_frequency_limit)\n        else $error(\"Transaction request frequency violated\");",
          "line_start": 354,
          "line_end": 356
        }
      ]
    }
  },
  "summary": {
    "total_files": 1,
    "successful_files": 1,
    "failed_files": 0
  }
}